LJ001-0001|Printing,LJ001-0002|Printing,LJ001-0003|Printing,LJ001-0004|Printing,LJ001-0005|Printing,LJ001-0006|Printing,LJ001-0007|Printing,LJ001-0008|Printing,LJ001-0009|Printing,LJ001-0010|Printing,LJ001-0011|Printing,LJ001-0012|Printing,LJ001-0013|Printing,LJ001-0014|Printing,LJ001-0015|Printing,LJ001-0016|Printing,LJ001-0017|Printing,LJ001-0018|Printing,LJ001-0019|Printing,LJ001-0020|Printing,LJ001-0021|Printing,LJ001-0022|Printing,LJ001-0023|Printing,LJ001-0024|Printing,LJ001-0025|Printing,LJ001-0026|Printing
LJ001-0002|in being comparatively modern.|in being comparatively modern.,,,,,,,,,,,,,,,,,,,,,,,,,
LJ001-0003|For although the Chinese took impressions from wood blocks engraved in relief for centuries before the woodcutters of the Netherlands, by a similar process|For although the Chinese took impressions from wood blocks engraved in relief for centuries before the woodcutters of the Netherlands, by a similar process,,,,,,,,,,,,,,,,,,,,,,,
LJ001-0004|produced the block books, which were the immediate predecessors of the true printed book,|produced the block books, which were the immediate predecessors of the true printed book,,,,,,,,,,,,,,,,,,,,,,
LJ001-0005|the invention of movable metal letters in the middle of the fifteenth century may justly be considered as the invention of the art of printing.|the invention of movable metal letters in the middle of the fifteenth century may justly be considered as the invention of the art of printing.,,,,,,,,,,,,,,,,,,,,,,,,,
LJ001-0006|And it is worth mention in passing that, as an example of fine typography,|And it is worth mention in passing that, as an example of fine typography,,,,,,,,,,,,,,,,,,,,,,
LJ001-0007|the earliest book printed with movable types, the Gutenberg, or "forty-two line Bible" of about 1455,|the earliest book printed with movable types, the Gutenberg, or "forty-two line Bible" of about fourteen fifty-five,,,,,,,,,,,,,,,,,,,,
LJ001-0008|has never been surpassed.|has never been surpassed.,,,,,,,,,,,,,,,,,,,,,,,,,
LJ001-0009|Printing, then, for our purpose, may be considered as the art of making books by means of movable types.|Printing, then, for our purpose, may be considered as the art of making books by means of movable types.,,,,,,,,,,,,,,,,,,,
LJ001-0010|Now, as all books not primarily intended as picture-books consist principally of types composed to form letterpress,|Now, as all books not primarily intended as picture-books consist principally of types composed to form letterpress,,,,,,,,,,,,,,,,,,,,,,
LJ001-0011|it is of the first importance that the letter used should be fine in form;|it is of the first importance that the letter used should be fine in form;,,,,,,,,,,,,,,,,,,,,,,,,,
LJ001-0012|especially as no more time is occupied, or cost incurred, in casting, setting, or printing beautiful letters|especially as no more time is occupied, or cost incurred, in casting, setting, or printing beautiful letters,,,,,,,,,,,,,,,,,
LJ001-0013|than in the same operations with ugly ones.|than in the same operations with ugly ones.,,,,,,,,,,,,,,,,,,,,,,,,,
LJ001-0014|And it was a matter of course that in the Middle Ages, when the craftsmen took care that beautiful form should always be a part of their productions whatever they were,|And it was a matter of course that in the Middle Ages, when the craftsmen took care that beautiful form should always be a part of their productions whatever they were,,,,,,,,,,,,,,,,,,,,,,
LJ001-0015|the forms of printed letters should be beautiful, and that their arrangement on the page should be reasonable and a help to the shapeliness of the letters themselves.|the forms of printed letters should be beautiful, and that their arrangement on the page should be reasonable and a help to the shapeliness of the letters themselves.,,,,,,,,,,,,,,,,,,,,,,,
LJ001-0016|The Middle Ages brought calligraphy to perfection, and it was natural therefore|The Middle Ages brought calligraphy to perfection, and it was natural therefore,,,,,,,,,,,,,,,,,,,,,,,
LJ001-0017|that the forms of printed letters should follow more or less closely those of the written character, and they followed them very closely.|that the forms of printed letters should follow more or less closely those of the written character, and they followed them very closely.,,,,,,,,,,,,,,,,,,,,,,,
LJ001-0018|The first books were printed in black letter, i.e. the letter which was a Gothic development of the ancient Roman character,|The first books were printed in black letter, i.e. the letter which was a Gothic development of the ancient Roman character,,,,,,,,,,,,,,,,,,,,,,
LJ001-0019|and which developed more completely and satisfactorily on the side of the "lower-case" than the capital letters;|and which developed more completely and satisfactorily on the side of the "lower-case" than the capital letters;,,,,,,,,,,,,,,,,,,,,,,,,,
LJ001-0020|the "lower-case" being in fact invented in the early Middle Ages.|the "lower-case" being in fact invented in the early Middle Ages.,,,,,,,,,,,,,,,,,,,,,,,,,
